{
  "type": "create:mechanical_crafting",
  "pattern": [
    "PCB",
    "PCI",
    "PCB"
  ],
  "key": {
    "P": {
      "tag": "forge:plates/bronze"
    },
    "B": {
      "tag": "forge:ingots/bronze"
    },
    "I": [
      {
        "item": "minecraft:piston"
      },
      {
        "item": "minecraft:sticky_piston"
      }
    ],
    "C": {
      "item": "create:fluid_pipe"
    }
  },
  "result": {
    "item": "steampowered:bronze_steam_engine"
  },
  "conditions": [ {
    "type": "forge:mod_loaded",
    "modid": "steampowered"
  } ]
}