{
  "type": "create:mechanical_crafting",
  "pattern": [
    " AAA ",
    "ACPCA",
    "APSPA",
    "ACPCA",
    " AAA "
  ],
  "key": {
    "P": {
      "tag": "minecraft:planks"
    },
    "S": {
      "item": "create:shaft"
    },
    "A": {
      "item": "alloyed:bronze_ingot"
    },
    "C": {
      "item": "steampowered:bronze_cogwheel"
    }
  },
  "result": {
    "item": "steampowered:bronze_flywheel",
    "count": 1
  },
  "conditions": [
    {
    "type": "forge:mod_loaded",
    "modid": "steampowered"
    }
  ]
}